Fund Name,P1,P2,P3,P4,P5,Topsis Score,Rank
M1,0.87,0.76,5.3,30.2,9.28,0.21031943747542112,7.0
M2,0.82,0.67,3.2,34.4,9.77,0.3108347144900826,6.0
M3,0.81,0.66,4.1,61.7,16.82,0.7311624123796329,1.0
M4,0.7,0.49,4.0,69.8,18.75,0.7289818466027815,2.0
M5,0.94,0.88,3.2,46.7,12.93,0.5301859325583875,4.0
M6,0.82,0.67,5.8,60.6,16.97,0.6417105964439009,3.0
M7,0.74,0.55,3.8,44.6,12.42,0.393023628668635,5.0
M8,0.82,0.67,6.1,31.8,9.85,0.14709451582703667,8.0
